
TRUNCATE TABLE users_other_sites_sites CASCADE ;
TRUNCATE TABLE users CASCADE ;
ALTER SEQUENCE users_id_seq RESTART WITH 1;
TRUNCATE TABLE sites CASCADE ;
ALTER SEQUENCE sites_id_seq RESTART WITH 1;
TRUNCATE TABLE activity_to_site CASCADE ;
ALTER SEQUENCE activity_to_site_id_seq RESTART WITH 1;
INSERT INTO public.sites (id, uuid, name, address, description, created_at, updated_at) VALUES (1, 'b438b6fa-765b-4706-8b22-88adb9b5534a', 'WAW01', 'pl. Książek 43a', e'Debitis hic blanditiis error dicta enim. Pariatur non iusto doloribus totam iste. Assumenda unde corrupti.Aliquam commodi dolorum vero praesentium. Cupiditate error
    laborum quibusdam veritatis optio velit sequi. Quasi officiis similique nam aut perspiciatis quas.Sed quidem ad harum. Laboriosam recusandae quibusdam corporis doloremque aliquam al
    iquid. Repellat ullam optio provident harum sed aliquid adipisci.Laudantium est beatae explicabo ad.', '2025-02-24 09:01:05.808000', '2025-02-24 09:01:05.808000');
INSERT INTO public.sites (id, uuid, name, address, description, created_at, updated_at) VALUES (2, 'e348ef49-c6b2-49df-8163-7814e97cb0bd', 'WAW02', 'szosa Janowski 61', e'Officiis quidem reprehenderit iure cumque molestias veritatis cupiditate. Quis recusandae nobis sint nobis inventore nulla possimus eveniet. Inventore odit aliquid
    vel.Sunt nesciunt placeat nihil placeat consequatur quos. Occaecati neque distinctio voluptas est voluptatem culpa voluptatem soluta molestiae. Atque ab mollitia.Impedit sint archite
    cto rerum id aperiam minus totam vel quisquam. Iusto qui ad quibusdam ratione commodi. Adipisci voluptates repudiandae et quam blanditiis enim aperiam adipisci quasi.Placeat debitis doloremque magnam. Atque error consequatur odio doloribus voluptas quasi quam delectus nostrum.
    Quod neque reprehenderit distinctio ea ratione reiciendis mollitia pariatur.', '2025-02-24 09:01:05.808000', '2025-02-24 09:01:05.808000');
INSERT INTO public.sites (id, uuid, name, address, description, created_at, updated_at) VALUES (3, '0481f353-134a-4450-a582-94a0e02c0bfd', 'WAW03', 'wyspa Książek 4/9', e'Hic repellendus quibusdam sunt. Aut nam consequatur veritatis amet vero nemo. Excepturi amet sint id magnam autem voluptate.Cupiditate tenetur quas blanditiis alias
    iusto recusandae nesciunt eaque ea. Nulla sit repudiandae dolorum saepe. Placeat quis exercitationem laboriosam eligendi ipsam velit.Eveniet exercitationem culpa tempora neque quis
    minima accusamus possimus expedita. Autem velit dicta magnam fugit et unde nemo molestias ratione. Ipsum incidunt soluta quas veniam atque quidem voluptates.Consectetur soluta quo nesciunt possimus quam quo. Veniam a animi impedit. Neque nihil placeat laborum consequatur veritatis exercitationem hic.\'
  ', '2025-02-24 09:01:05.808000', '2025-02-24 09:01:05.808000');
INSERT INTO public.users (id, uuid, first_name, last_name, email, phone, hashed_password, is_init_password, is_active, "defaultSiteId", "creatorId", role, created_at, updated_at) VALUES (1, 'ab718adf-6343-441b-a928-af4bbcb342f7', 'Ksenia', 'Augustyn', 'ksenia.augustyn@example.com', '14 102 80 02', '$argon2id$v=19$m=65536,t=3,p=4$++cs6zJMxB8wYsWNXtZVzQ$jIgnpFbjkdatbNkaLPiTSrup/k+kDGNvvLH5EoicFhk', false, true, 1, null, 'OFFICER', '2025-02-24 09:41:27.993615', '2025-02-24 09:41:27.993615');
INSERT INTO public.users (id, uuid, first_name, last_name, email, phone, hashed_password, is_init_password, is_active, "defaultSiteId", "creatorId", role, created_at, updated_at) VALUES (2, '8179b01e-416f-43f6-b2a0-bd9c111b3c91', 'Jadwiga', 'Kędzierski', 'jadwiga.kedzierski@example.com', '75 411 02 09', '$argon2id$v=19$m=65536,t=3,p=4$mIqQFwzbEyp5tQEzp9goCA$/+sfr2IUO9UKNPsixXIsddxJf3/jytMmVyA9OdrlzXA', false, true, 3, null, 'OFFICER', '2025-02-24 09:41:27.993615', '2025-02-24 09:41:27.993615');
INSERT INTO public.users (id, uuid, first_name, last_name, email, phone, hashed_password, is_init_password, is_active, "defaultSiteId", "creatorId", role, created_at, updated_at) VALUES (3, 'f2d918b7-a531-4a9c-a6ec-51f814f335c9', 'Emanuel', 'Napierała', 'emanuel.napierala@example.com', '17 054 32 39', '$argon2id$v=19$m=65536,t=3,p=4$f0gmC/PyYLYNHlcY9awftA$NqmKGl9FOpEhRbLRjo9uT6cRMoYAbOZi/mJyJ9oEhm4', true, false, 3, null, 'OFFICER', '2025-02-24 09:41:27.993615', '2025-02-24 09:41:27.993615');
INSERT INTO public.users (id, uuid, first_name, last_name, email, phone, hashed_password, is_init_password, is_active, "defaultSiteId", "creatorId", role, created_at, updated_at) VALUES (4, '75adb42d-75ac-4234-bdd1-6a7ea359299f', 'Alfred', 'Turek', 'alfred.turek@example.com', '24 655 13 16', '$argon2id$v=19$m=65536,t=3,p=4$lnmxM0VjgiTW82aBWJrqpw$VbZXql8X3mB9wCYZuQchYN4ozzgrU5ml8zmLq6UUJ4Q', false, true, 2, null, 'OFFICER', '2025-02-24 09:41:27.993615', '2025-02-24 09:41:27.993615');
INSERT INTO public.users (id, uuid, first_name, last_name, email, phone, hashed_password, is_init_password, is_active, "defaultSiteId", "creatorId", role, created_at, updated_at) VALUES (5, '6f22e01e-b681-4b45-8188-bcc56b80cfcf', 'Gilbert', 'Krukowski', 'gilbert.krukowski@example.com', '29 713 70 90', '$argon2id$v=19$m=65536,t=3,p=4$4x6I578ClJLmd+cw3A99/A$EBHxwzTcC+LrrIfRUtBw2lC0RpwENKxXBKsP2cuWqro', false, true, 2, null, 'OFFICER', '2025-02-24 09:41:27.993615', '2025-02-24 09:41:27.993615');
INSERT INTO public.users (id, uuid, first_name, last_name, email, phone, hashed_password, is_init_password, is_active, "defaultSiteId", "creatorId", role, created_at, updated_at) VALUES (6, '6a08f43d-7d29-43f5-b7fc-8eb9b19622cd', 'Laurencjusz', 'Mika', 'laurencjusz.mika@example.com', '15 566 71 03', '$argon2id$v=19$m=65536,t=3,p=4$0dVTVerrT7/6b8nAwY3XaA$kcUFcf//N5Wmt3ijOCV6YEbMDPQtYIpFzDWCn+o9wPc', false, true, 3, null, 'OFFICER', '2025-02-24 09:41:27.993615', '2025-02-24 09:41:27.993615');
INSERT INTO public.users (id, uuid, first_name, last_name, email, phone, hashed_password, is_init_password, is_active, "defaultSiteId", "creatorId", role, created_at, updated_at) VALUES (7, 'f06d03a1-f13c-4881-b573-c96cd5743877', 'Jan', 'Krzemiński', 'jan.krzeminski@example.com', '55 178 89 19', '$argon2id$v=19$m=65536,t=3,p=4$UOVn7+vUX5alvb8bOqBadw$6+LSAoi6Y/DRNRZAhe4RmlUu9OzGW9T8SuupakxG1vU', false, true, 2, null, 'OFFICER', '2025-02-24 09:41:27.993615', '2025-02-24 09:41:27.993615');
INSERT INTO public.users (id, uuid, first_name, last_name, email, phone, hashed_password, is_init_password, is_active, "defaultSiteId", "creatorId", role, created_at, updated_at) VALUES (8, 'b3db2fb3-de12-4227-8e55-dc78bb2ae4da', 'Sabina', 'Białkowski', 'sabina.bialkowski@example.com', '41 958 01 71', '$argon2id$v=19$m=65536,t=3,p=4$ZZq6GsfAdpw21M4RTAdgDw$QLCfT1rFqfC/s+vUk4+Gu0KvF6aMXUeDJJiRKWW6AiM', false, true, 3, null, 'OFFICER', '2025-02-24 09:41:27.993615', '2025-02-24 09:41:27.993615');
INSERT INTO public.users (id, uuid, first_name, last_name, email, phone, hashed_password, is_init_password, is_active, "defaultSiteId", "creatorId", role, created_at, updated_at) VALUES (9, '2e1633e3-244f-4e21-aa3c-4c8f269c7ea0', 'Juliusz', 'Jaworski', 'juliusz.jaworski@example.com', '74 641 88 70', '$argon2id$v=19$m=65536,t=3,p=4$4WnMVe/eY2MD14Fa8CMVjg$FEKCnMpGKyXDPmJkMjIHa5vOUpY2E75w0aCntMagO18', false, true, 1, null, 'OFFICER', '2025-02-24 09:41:27.993615', '2025-02-24 09:41:27.993615');
INSERT INTO public.users (id, uuid, first_name, last_name, email, phone, hashed_password, is_init_password, is_active, "defaultSiteId", "creatorId", role, created_at, updated_at) VALUES (10, '7d5c887c-5b3f-424d-a175-a951e775b2cd', 'Klemens', 'Milewski', 'klemens.milewski@example.com', '56 392 16 47', '$argon2id$v=19$m=65536,t=3,p=4$+4GUFAijlhr19RfpYBQbQA$h0Yo6UMLyhTWhKsKsg1vhzqgy1za74momA5olG5Ohy0', true, true, 3, null, 'OFFICER', '2025-02-24 09:41:27.993615', '2025-02-24 09:41:27.993615');
INSERT INTO public.users (id, uuid, first_name, last_name, email, phone, hashed_password, is_init_password, is_active, "defaultSiteId", "creatorId", role, created_at, updated_at) VALUES (11, '4a6f2fa6-4750-4500-85f0-d4dbb3978849', 'Filemon', 'Iwanowski', 'filemon.iwanowski@example.com', '33 060 07 51', '$argon2id$v=19$m=65536,t=3,p=4$KMaDmHlqPSTdyB7nvWPe0g$AJEccVL+DMt0Yd26FsQ1c1Vja98tbXUCQF118Ylgc+I', false, true, 3, null, 'OFFICER', '2025-02-24 09:41:27.993615', '2025-02-24 09:41:27.993615');
INSERT INTO public.users (id, uuid, first_name, last_name, email, phone, hashed_password, is_init_password, is_active, "defaultSiteId", "creatorId", role, created_at, updated_at) VALUES (12, '0e07e7a6-41e1-4193-ae46-e98f62224415', 'Juliusz', 'Barański', 'juliusz.baranski@example.com', '55 707 44 67', '$argon2id$v=19$m=65536,t=3,p=4$f+lHv6IDx4p61y5sObjGoQ$JiDAAGQq3+UMnCOvmifsvdRcZua75cyJHufZE9Uxwv4', true, true, 3, null, 'OFFICER', '2025-02-24 09:41:27.993615', '2025-02-24 09:41:27.993615');
INSERT INTO public.users (id, uuid, first_name, last_name, email, phone, hashed_password, is_init_password, is_active, "defaultSiteId", "creatorId", role, created_at, updated_at) VALUES (13, 'cdb25f7b-f314-41a5-ace2-3bea8acab31e', 'Julian', 'Wojtkowiak', 'julian.wojtkowiak@example.com', '22 792 41 76', '$argon2id$v=19$m=65536,t=3,p=4$aqoAXuFiM3OtYxrFTMyZWA$9xtOIcIVMS01nEeYaWK7rEPZaYtY9qEfWaJStEylFuM', false, true, 2, null, 'OFFICER', '2025-02-24 09:41:27.993615', '2025-02-24 09:41:27.993615');
INSERT INTO public.users (id, uuid, first_name, last_name, email, phone, hashed_password, is_init_password, is_active, "defaultSiteId", "creatorId", role, created_at, updated_at) VALUES (14, '885cd290-f62d-44ab-a80b-c97025f803a5', 'Gilbert', 'Klimczak', 'gilbert.klimczak@example.com', '76 593 97 48', '$argon2id$v=19$m=65536,t=3,p=4$/tvjypmJGlht+jsb6C5bcQ$hzhvvIliOkoGLAbZJ4YJZcGfjgyTvKD7k4fvZXnauNw', true, true, 1, null, 'OFFICER', '2025-02-24 09:41:27.993615', '2025-02-24 09:41:27.993615');
INSERT INTO public.users (id, uuid, first_name, last_name, email, phone, hashed_password, is_init_password, is_active, "defaultSiteId", "creatorId", role, created_at, updated_at) VALUES (15, '247f0bdc-5e5e-472a-9367-4c994da3ca78', 'Józef', 'Michalczyk', 'jozef.michalczyk@example.com', '16 915 98 70', '$argon2id$v=19$m=65536,t=3,p=4$44AM3sH4OhWoPU/Hb1KRPA$87AccXHjps845lY6ixAGZoYhRgoVay4l5iXnXPUmbxE', false, true, 3, null, 'OFFICER', '2025-02-24 09:41:27.993615', '2025-02-24 09:41:27.993615');
INSERT INTO public.users (id, uuid, first_name, last_name, email, phone, hashed_password, is_init_password, is_active, "defaultSiteId", "creatorId", role, created_at, updated_at) VALUES (16, '71496bd2-7a3f-4d3e-a8a3-c595b1bdce09', 'Judyta', 'Buczkowski', 'judyta.buczkowski@example.com', '22 967 11 74', '$argon2id$v=19$m=65536,t=3,p=4$1irVsWfNq6OSH6pa0LVCtQ$DpZmL719QJcLC2TkmmC9HNds/GkGfRkFICGBwvD5ZjA', false, true, 1, null, 'OFFICER', '2025-02-24 09:41:27.993615', '2025-02-24 09:41:27.993615');
INSERT INTO public.users (id, uuid, first_name, last_name, email, phone, hashed_password, is_init_password, is_active, "defaultSiteId", "creatorId", role, created_at, updated_at) VALUES (17, 'cd638219-5359-4c36-a3cd-bec0efee8010', 'Alfred', 'Dudziak', 'alfred.dudziak@example.com', '15 183 29 62', '$argon2id$v=19$m=65536,t=3,p=4$Bi8RRP1xRwkTHk3xMDVVcw$+LhrMIc0Gs26v24cpmvJFtcetvWWv0/SvPTbgjlmmX8', false, true, 1, null, 'OFFICER', '2025-02-24 09:41:27.993615', '2025-02-24 09:41:27.993615');
INSERT INTO public.users (id, uuid, first_name, last_name, email, phone, hashed_password, is_init_password, is_active, "defaultSiteId", "creatorId", role, created_at, updated_at) VALUES (18, 'bdddef65-b60e-4382-8f31-b5dbc2d75473', 'Edgar', 'Bielecki', 'edgar.bielecki@example.com', '25 857 55 37', '$argon2id$v=19$m=65536,t=3,p=4$yNXGMyk8ael6p9pCLxrHDQ$2tKyz8GempK9zQL7d9ko514hB7PuxSfesaSVr7f9bsw', false, true, 2, null, 'OFFICER', '2025-02-24 09:41:27.993615', '2025-02-24 09:41:27.993615');
INSERT INTO public.users (id, uuid, first_name, last_name, email, phone, hashed_password, is_init_password, is_active, "defaultSiteId", "creatorId", role, created_at, updated_at) VALUES (19, '942fe22c-9abc-498f-b041-5510df17910e', 'Patrycjusz', 'Niemiec', 'patrycjusz.niemiec@example.com', '24 086 45 86', '$argon2id$v=19$m=65536,t=3,p=4$//jShFzDya890Kz99hHcgw$vCYGTFTcswBydI/9uFjty1GM3LXKcitP+Jlr+iDe2I0', false, true, 2, null, 'OFFICER', '2025-02-24 09:41:27.993615', '2025-02-24 09:41:27.993615');
INSERT INTO public.users (id, uuid, first_name, last_name, email, phone, hashed_password, is_init_password, is_active, "defaultSiteId", "creatorId", role, created_at, updated_at) VALUES (20, '6d51c613-e55f-4275-becc-184940ef414a', 'Bernard', 'Rogalski', 'bernard.rogalski@example.com', '55 064 88 58', '$argon2id$v=19$m=65536,t=3,p=4$DBykfbTXykalwc3wGsb3aA$/XpmkNShp6jolnULd0oJB1Yz8v05sZp4/faos7P86z4', false, true, 1, null, 'OFFICER', '2025-02-24 09:41:27.993615', '2025-02-24 09:41:27.993615');
INSERT INTO public.users (id, uuid, first_name, last_name, email, phone, hashed_password, is_init_password, is_active, "defaultSiteId", "creatorId", role, created_at, updated_at) VALUES (21, '4b156081-bc30-4260-bd21-ad01a88cfbe1', 'Walgierz', 'Błaszczyk', 'walgierz.blaszczyk@example.com', '84 341 78 02', '$argon2id$v=19$m=65536,t=3,p=4$AeCaTg0nKY/x8y/q9AwABQ$1m5vdzUu8nGU4P7BDoqW36Mg6x5q8guccoJS7+mre3w', true, true, 3, null, 'OFFICER', '2025-02-24 09:41:27.993615', '2025-02-24 09:41:27.993615');
INSERT INTO public.users (id, uuid, first_name, last_name, email, phone, hashed_password, is_init_password, is_active, "defaultSiteId", "creatorId", role, created_at, updated_at) VALUES (22, '6a7afc52-f146-482f-9004-1fd06e37af6b', 'Piotr', 'Zabłocki', 'piotr.zablocki@example.com', '77 240 07 83', '$argon2id$v=19$m=65536,t=3,p=4$HAo0PAaPIMrASiocuxfhTw$g57wPRahQPfrK7GY7LAKlVUnwZeukaBVSbCFD8/wbVA', true, true, 3, null, 'OFFICER', '2025-02-24 09:41:27.993615', '2025-02-24 09:41:27.993615');
INSERT INTO public.users (id, uuid, first_name, last_name, email, phone, hashed_password, is_init_password, is_active, "defaultSiteId", "creatorId", role, created_at, updated_at) VALUES (23, '6b176daa-9a49-4ccb-b238-f8bee4561554', 'Ernest', 'Wiśniewski', 'ernest.wisniewski@example.com', '94 099 51 95', '$argon2id$v=19$m=65536,t=3,p=4$nU+D2xMFCIwtdeXPjnoxnQ$TyGALG9U9OBWj3CyWLBqN5iZlu1KpgU55wGVGykv1n8', false, true, 1, null, 'OFFICER', '2025-02-24 09:41:27.993615', '2025-02-24 09:41:27.993615');
INSERT INTO public.users (id, uuid, first_name, last_name, email, phone, hashed_password, is_init_password, is_active, "defaultSiteId", "creatorId", role, created_at, updated_at) VALUES (24, '9ffd989a-1a07-40ea-9e93-adfb65eca51a', 'Serafin', 'Domański', 'serafin.domanski@example.com', '58 336 33 03', '$argon2id$v=19$m=65536,t=3,p=4$sYA0nWfwSuq8ozSFcxKCTg$PjARigGB5oFY0UOmeH6YTn9+yapNwCSclYY/gRLhOrs', false, true, 3, null, 'OFFICER', '2025-02-24 09:41:27.993615', '2025-02-24 09:41:27.993615');
INSERT INTO public.users (id, uuid, first_name, last_name, email, phone, hashed_password, is_init_password, is_active, "defaultSiteId", "creatorId", role, created_at, updated_at) VALUES (25, '9abad06a-5d9f-4752-8857-c7063c63afd9', 'Eliasz', 'Zalewski', 'eliasz.zalewski@example.com', '75 122 35 10', '$argon2id$v=19$m=65536,t=3,p=4$4AC/5RH0Kjs+PicdkVDLeg$8eLRTVyiucnznEsvVIPrw8qQstSJGluIde5pYb5R1I8', false, true, 2, null, 'OFFICER', '2025-02-24 09:41:27.993615', '2025-02-24 09:41:27.993615');
INSERT INTO public.users (id, uuid, first_name, last_name, email, phone, hashed_password, is_init_password, is_active, "defaultSiteId", "creatorId", role, created_at, updated_at) VALUES (26, '77e67873-d300-479b-9aed-aedd21de2258', 'Ewelina', 'Konopka', 'ewelina.konopka@example.com', '85 524 53 82', '$argon2id$v=19$m=65536,t=3,p=4$dafT227calR29jIsRbMgMw$y9ZGHFvuLpVXQZQcCSAkLyZTvcvC6/Bpq4SJCETnjWs', false, true, 3, null, 'OFFICER', '2025-02-24 09:41:27.993615', '2025-02-24 09:41:27.993615');
INSERT INTO public.users (id, uuid, first_name, last_name, email, phone, hashed_password, is_init_password, is_active, "defaultSiteId", "creatorId", role, created_at, updated_at) VALUES (27, 'b2c82409-dd7c-4bbe-80f4-6499794a1a2c', 'Gerald', 'Górka', 'gerald.gorka@example.com', '14 964 03 54', '$argon2id$v=19$m=65536,t=3,p=4$CFO8PPFEwCbJgeuX7lwabg$U3VUlPd5oQcEu1nYfWuHFAOQxwFqqPAP2eYn1GJGh/Y', false, true, 3, null, 'OFFICER', '2025-02-24 09:41:27.993615', '2025-02-24 09:41:27.993615');
INSERT INTO public.users (id, uuid, first_name, last_name, email, phone, hashed_password, is_init_password, is_active, "defaultSiteId", "creatorId", role, created_at, updated_at) VALUES (28, '21ca3e47-1369-4c9b-9fb9-c51e33180ae2', 'Serafin', 'Kmieć', 'serafin.kmiec@example.com', '76 768 20 32', '$argon2id$v=19$m=65536,t=3,p=4$PVZJvENchC3uuQCpKUW3kQ$/+0GCgxxYE/dQIKVmT2gjTTlT6NdZzNxRJr1tSv8svA', false, true, 2, null, 'OFFICER', '2025-02-24 09:41:27.993615', '2025-02-24 09:41:27.993615');
INSERT INTO public.users (id, uuid, first_name, last_name, email, phone, hashed_password, is_init_password, is_active, "defaultSiteId", "creatorId", role, created_at, updated_at) VALUES (29, '567e8e6a-c3bd-4d4e-ade8-2673332933f0', 'Herman', 'Wilczyński', 'herman.wilczynski@example.com', '22 095 71 30', '$argon2id$v=19$m=65536,t=3,p=4$+WaccwkL6VAXVUQYXoUCEw$NyeUV5LPPjUwwpTUZy2IcYup8Jr6RjHLCEo/8TmcugQ', false, true, 2, null, 'OFFICER', '2025-02-24 09:41:27.993615', '2025-02-24 09:41:27.993615');
INSERT INTO public.users (id, uuid, first_name, last_name, email, phone, hashed_password, is_init_password, is_active, "defaultSiteId", "creatorId", role, created_at, updated_at) VALUES (30, '9d3a572e-c9b5-4808-a243-ece0d6f35420', 'Benedykt', 'Szatkowski', 'benedykt.szatkowski@example.com', '14 353 24 06', '$argon2id$v=19$m=65536,t=3,p=4$SIXUQgWj4NDZsiL9dsyTWA$fxQfSY3+nzm81iebLLBzB3fgMGVKtmvuZHI4OcaQxBQ', false, true, 1, null, 'OFFICER', '2025-02-24 09:41:27.993615', '2025-02-24 09:41:27.993615');
INSERT INTO public.users (id, uuid, first_name, last_name, email, phone, hashed_password, is_init_password, is_active, "defaultSiteId", "creatorId", role, created_at, updated_at) VALUES (31, '9702a261-8825-4479-a6e4-6945b03e6c5f', 'Arystarch', 'Kalinowski', 'arystarch.kalinowski@example.com', '43 186 93 23', '$argon2id$v=19$m=65536,t=3,p=4$z6Dzp6RipDEkgQJWomRa6Q$eSC7uiKLcmLmsma3FS8EDXnYpC1QPjiaq02IU/Jq3tQ', false, true, 2, null, 'OFFICER', '2025-02-24 09:41:27.993615', '2025-02-24 09:41:27.993615');
INSERT INTO public.users (id, uuid, first_name, last_name, email, phone, hashed_password, is_init_password, is_active, "defaultSiteId", "creatorId", role, created_at, updated_at) VALUES (32, 'd8a3e67f-3b12-46b5-ab10-3995047a7340', 'Eleonora', 'Sikorski', 'eleonora.sikorski@example.com', '14 371 29 86', '$argon2id$v=19$m=65536,t=3,p=4$IFDwbLwH3fTKDVfG+V8spA$A4P3j8BH05u/UtUtwjlxsN6LhZI8Q8tRK8CuaC5I3N4', true, true, 3, null, 'OFFICER', '2025-02-24 09:41:27.993615', '2025-02-24 09:41:27.993615');
INSERT INTO public.users (id, uuid, first_name, last_name, email, phone, hashed_password, is_init_password, is_active, "defaultSiteId", "creatorId", role, created_at, updated_at) VALUES (33, 'a2c6f63f-b4b0-4df0-bde5-c58ff4e74800', 'Erwin', 'Janowski', 'erwin.janowski@example.com', '74 958 34 41', '$argon2id$v=19$m=65536,t=3,p=4$swSXslw7tXXRv2hyp2qqzA$rRenwW7mW4enFs1h541dhhRLXKtlV66kuPhyLOb0PTo', false, true, 3, null, 'OFFICER', '2025-02-24 09:41:27.993615', '2025-02-24 09:41:27.993615');
INSERT INTO public.users (id, uuid, first_name, last_name, email, phone, hashed_password, is_init_password, is_active, "defaultSiteId", "creatorId", role, created_at, updated_at) VALUES (34, '93460337-744b-4fd0-b557-326be1478df3', 'Innocenty', 'Kosowski', 'innocenty.kosowski@example.com', '43 600 78 57', '$argon2id$v=19$m=65536,t=3,p=4$/xwzV13khoqeju+uqR7NAw$BnB04bhJCyZ4sdB4QqLI7kxEdR87ELJP+scdWBCSsxQ', false, true, 1, null, 'OFFICER', '2025-02-24 09:41:27.993615', '2025-02-24 09:41:27.993615');
INSERT INTO public.users (id, uuid, first_name, last_name, email, phone, hashed_password, is_init_password, is_active, "defaultSiteId", "creatorId", role, created_at, updated_at) VALUES (35, '7369c3c8-c2d7-42db-afc5-61cadd551a90', 'Paweł', 'Pawlicki', 'pawel.pawlicki@example.com', '52 780 09 48', '$argon2id$v=19$m=65536,t=3,p=4$XYVKf6R/AEvx8JWb/fPuNw$P/+NJxclRhyH1uyeUYf2ZpgodGGRGBCcPfD/1BxztXw', false, true, 2, null, 'OFFICER', '2025-02-24 09:41:27.993615', '2025-02-24 09:41:27.993615');
INSERT INTO public.users (id, uuid, first_name, last_name, email, phone, hashed_password, is_init_password, is_active, "defaultSiteId", "creatorId", role, created_at, updated_at) VALUES (36, 'b7868a56-7299-4543-ad21-726a39b70ea4', 'Tobiasz', 'Klimek', 'tobiasz.klimek@example.com', '85 774 37 98', '$argon2id$v=19$m=65536,t=3,p=4$Y3ssX6q+Ofys1RMr5YKmnw$eTsTURsBaadmpSsubORTlMb2UMAJGXK0POEuS7JGTHY', false, true, 3, null, 'OFFICER', '2025-02-24 09:41:27.993615', '2025-02-24 09:41:27.993615');
INSERT INTO public.users (id, uuid, first_name, last_name, email, phone, hashed_password, is_init_password, is_active, "defaultSiteId", "creatorId", role, created_at, updated_at) VALUES (37, '2200ca9f-fc8d-485e-ab55-b1423a4a1d68', 'Rufina', 'Andrzejewski', 'rufina.andrzejewski@example.com', '14 535 09 29', '$argon2id$v=19$m=65536,t=3,p=4$EQSFTjoX0Px5H2DkWfBG9w$aYTmJWmYHYY9kpBXago2s8+G3HqDK0lirRDHfxxELGk', true, true, 1, null, 'OFFICER', '2025-02-24 09:41:27.993615', '2025-02-24 09:41:27.993615');
INSERT INTO public.users (id, uuid, first_name, last_name, email, phone, hashed_password, is_init_password, is_active, "defaultSiteId", "creatorId", role, created_at, updated_at) VALUES (38, 'e54a0105-7777-4271-a62f-9afadb05dbb5', 'Randolf', 'Kaczmarek', 'randolf.kaczmarek@example.com', '43 677 28 00', '$argon2id$v=19$m=65536,t=3,p=4$gnUFIdujEie8RTSPzPyviw$l/tOWLNc3luFDx5QV9ia/AnpnJd3E0LzQYa6J+GwYk4', false, true, 3, null, 'OFFICER', '2025-02-24 09:41:27.993615', '2025-02-24 09:41:27.993615');
INSERT INTO public.users (id, uuid, first_name, last_name, email, phone, hashed_password, is_init_password, is_active, "defaultSiteId", "creatorId", role, created_at, updated_at) VALUES (39, '35ba75a4-10b1-4c21-b0da-a909cde564f6', 'Rozalia', 'Chojnowski', 'rozalia.chojnowski@example.com', '87 529 66 69', '$argon2id$v=19$m=65536,t=3,p=4$aDeOFI7gfKSjAlcsWFJf8A$50JFctm7qDe4p2NnUfNAqmE02w9qX3KxbbxClXLOtok', true, true, 2, null, 'OFFICER', '2025-02-24 09:41:27.993615', '2025-02-24 09:41:27.993615');
INSERT INTO public.users (id, uuid, first_name, last_name, email, phone, hashed_password, is_init_password, is_active, "defaultSiteId", "creatorId", role, created_at, updated_at) VALUES (40, 'f918ace9-348b-4aba-ab24-e64d2a29a06e', 'Wiara', 'Lisowski', 'wiara.lisowski@example.com', '43 919 84 18', '$argon2id$v=19$m=65536,t=3,p=4$xDhD6eOL+UdmEetDTMKqeQ$Ux9Dsbp6VcGZSZOPoSiE4/QE9KPkH6wT6EoU9wJnNg4', false, true, 2, null, 'OFFICER', '2025-02-24 09:41:27.993615', '2025-02-24 09:41:27.993615');
INSERT INTO public.users (id, uuid, first_name, last_name, email, phone, hashed_password, is_init_password, is_active, "defaultSiteId", "creatorId", role, created_at, updated_at) VALUES (41, '91d6dba1-43ff-4f9e-b8be-8dffba63f2ae', 'Agata', 'Kaczmarczyk', 'agata.kaczmarczyk@example.com', '12 668 58 21', '$argon2id$v=19$m=65536,t=3,p=4$pLwIaJNDeK4MJx3hW8UcuA$FY+Fr56sXwX7hs/4CcqSV6M/CrhLw2u2c2Tvy8QYF6s', true, true, 1, null, 'OFFICER', '2025-02-24 09:41:27.993615', '2025-02-24 09:41:27.993615');
INSERT INTO public.users (id, uuid, first_name, last_name, email, phone, hashed_password, is_init_password, is_active, "defaultSiteId", "creatorId", role, created_at, updated_at) VALUES (42, '506a8cfe-f3f3-4503-acff-c7e6ca0c6604', 'Daria', 'Kaczor', 'daria.kaczor@example.com', '75 777 42 44', '$argon2id$v=19$m=65536,t=3,p=4$iSe4hOcJxbW8cuQ3dZbVcw$xxT5G5odGAJFZ7kpgsTc6O/oCffOL+2SHkeRi+EtGY4', false, true, 1, null, 'OFFICER', '2025-02-24 09:41:27.993615', '2025-02-24 09:41:27.993615');
INSERT INTO public.users (id, uuid, first_name, last_name, email, phone, hashed_password, is_init_password, is_active, "defaultSiteId", "creatorId", role, created_at, updated_at) VALUES (43, '9605ce8c-7e78-4efa-bd84-8f0eb88282dc', 'Natalia', 'Szwarc', 'natalia.szwarc@example.com', '24 249 26 13', '$argon2id$v=19$m=65536,t=3,p=4$IOMwl6k9QLjaPIg4rXuPkg$Md04ph2Izo1Dv4vPpkSPxmuOXGz5OafbtdHAq7nMN+U', false, true, 2, null, 'OFFICER', '2025-02-24 09:41:27.993615', '2025-02-24 09:41:27.993615');
INSERT INTO public.users (id, uuid, first_name, last_name, email, phone, hashed_password, is_init_password, is_active, "defaultSiteId", "creatorId", role, created_at, updated_at) VALUES (44, 'a9e21ce8-366e-4726-8e02-d33c3f69bb6a', 'Matylda', 'Walkowiak', 'matylda.walkowiak@example.com', '24 333 75 88', '$argon2id$v=19$m=65536,t=3,p=4$H2L+IZ1N/Ysqfog3paTYNA$MPniUDyZsWkTBLEsrqkgwk/QhbOgMdGeH0meniwEkng', false, true, 2, null, 'OFFICER', '2025-02-24 09:41:27.993615', '2025-02-24 09:41:27.993615');
INSERT INTO public.users (id, uuid, first_name, last_name, email, phone, hashed_password, is_init_password, is_active, "defaultSiteId", "creatorId", role, created_at, updated_at) VALUES (45, '7caeef95-f330-4c41-abf0-1485cf7457be', 'Nikola', 'Czajkowski', 'nikola.czajkowski@example.com', '25 579 78 29', '$argon2id$v=19$m=65536,t=3,p=4$v/LEmas6Sj6MItYEQMtLGA$cTBRk86QJAO4c6MKYY/CrpWlrma8PCBGE9pxeoKm5t0', false, true, 1, null, 'OFFICER', '2025-02-24 09:41:27.993615', '2025-02-24 09:41:27.993615');
INSERT INTO public.users (id, uuid, first_name, last_name, email, phone, hashed_password, is_init_password, is_active, "defaultSiteId", "creatorId", role, created_at, updated_at) VALUES (46, 'd5612faf-5e87-420b-9283-d526bdc60ee6', 'Koralia', 'Olejnik', 'koralia.olejnik@example.com', '33 478 11 95', '$argon2id$v=19$m=65536,t=3,p=4$3GdD4LzTsQWmg+XeUiSAxw$LLFDfA4GIUcV7grAb65CeMmha0ansDB/fGBYjcNpvOs', false, true, 2, null, 'OFFICER', '2025-02-24 09:41:27.993615', '2025-02-24 09:41:27.993615');
INSERT INTO public.users (id, uuid, first_name, last_name, email, phone, hashed_password, is_init_password, is_active, "defaultSiteId", "creatorId", role, created_at, updated_at) VALUES (47, 'be31ecee-6af8-4a3b-acaa-ca4365f960a4', 'Arnold', 'Sobolewski', 'arnold.sobolewski@example.com', '59 330 73 84', '$argon2id$v=19$m=65536,t=3,p=4$nZqk1sAV55CTYEZuAjDYzA$UQagNtjUSaY64uVJGBUlf98F4r8QLMG6UPZ0yKYotzY', false, true, 1, null, 'OFFICER', '2025-02-24 09:41:27.993615', '2025-02-24 09:41:27.993615');
INSERT INTO public.users (id, uuid, first_name, last_name, email, phone, hashed_password, is_init_password, is_active, "defaultSiteId", "creatorId", role, created_at, updated_at) VALUES (48, 'bf14faad-5790-4577-a956-9d3956269532', 'Donald', 'Michalczyk', 'donald.michalczyk@example.com', '25 600 18 39', '$argon2id$v=19$m=65536,t=3,p=4$q7nbQy2x0KKuav2933hWiA$Twtrr6yo54N0+esJMbU/v9uB4ClK2DXslCidaqZKqvA', false, true, 3, null, 'OFFICER', '2025-02-24 09:41:27.993615', '2025-02-24 09:41:27.993615');
INSERT INTO public.users (id, uuid, first_name, last_name, email, phone, hashed_password, is_init_password, is_active, "defaultSiteId", "creatorId", role, created_at, updated_at) VALUES (49, '46f5fd66-9e64-48ae-9c01-5e4e4bb5f2e0', 'Marta', 'Kujawa', 'marta.kujawa@example.com', '71 526 16 74', '$argon2id$v=19$m=65536,t=3,p=4$Lq9XIOiBGdEZO7o2PDohUA$4ISJV0YWJTRYxrz+Z9oP/aQW60tv3lxlQihhQwnLlM0', true, true, 3, null, 'OFFICER', '2025-02-24 09:41:27.993615', '2025-02-24 09:41:27.993615');
INSERT INTO public.users (id, uuid, first_name, last_name, email, phone, hashed_password, is_init_password, is_active, "defaultSiteId", "creatorId", role, created_at, updated_at) VALUES (50, '163ca5c6-a5c4-4d03-a747-7a0e28f483b4', 'Andrzej', 'Adamiec', 'andrzej.adamiec@example.com', '89 313 91 24', '$argon2id$v=19$m=65536,t=3,p=4$x/DYgQ+Fhimr682MA3EYdg$mNcoUlFTfPJ58/GTmaN7ELvQkQX+w591HesUKdrm9JY', false, true, 2, null, 'OFFICER', '2025-02-24 09:41:27.993615', '2025-02-24 09:41:27.993615');
INSERT INTO public.users (id, uuid, first_name, last_name, email, phone, hashed_password, is_init_password, is_active, "defaultSiteId", "creatorId", role, created_at, updated_at) VALUES (51, '660ab520-be73-4fd6-a6fb-0fd0c0a6be0b', 'Wiara', 'Nawrot', 'wiara.nawrot@example.com', '12 394 98 99', '$argon2id$v=19$m=65536,t=3,p=4$iMqLqerV4otzGdlkU3/v1g$E/9gcdPF+yJ4dbBHoZxrEHbRza5tZqKz6SW2rY38t20', false, true, 2, null, 'SHIFT_SUPERVISOR', '2025-02-24 09:41:28.309690', '2025-02-24 09:41:28.309690');
INSERT INTO public.users (id, uuid, first_name, last_name, email, phone, hashed_password, is_init_password, is_active, "defaultSiteId", "creatorId", role, created_at, updated_at) VALUES (52, '0949a883-cfb0-410e-94fb-b7c80b881fc4', 'Barbara', 'Górny', 'barbara.gorny@example.com', '83 585 46 46', '$argon2id$v=19$m=65536,t=3,p=4$lMgCvI/+x/jDtVO306XhfQ$gDB6cUvT6zisRXQbxBa7oweTR+6AJ3EmuOpGngHMvvk', false, true, 1, null, 'SHIFT_SUPERVISOR', '2025-02-24 09:41:28.309690', '2025-02-24 09:41:28.309690');
INSERT INTO public.users (id, uuid, first_name, last_name, email, phone, hashed_password, is_init_password, is_active, "defaultSiteId", "creatorId", role, created_at, updated_at) VALUES (53, 'cd653c58-7893-4ab2-87b1-c6a8fc1baca8', 'Wirginia', 'Popławski', 'wirginia.poplawski@example.com', '82 926 21 46', '$argon2id$v=19$m=65536,t=3,p=4$yIr5n0N763BUDDjD4t8Ajg$F0hS8q39zlqgJoqmZLx+u68RqlUfSD3EUB3BJ6BMNk8', true, true, 1, null, 'SHIFT_SUPERVISOR', '2025-02-24 09:41:28.309690', '2025-02-24 09:41:28.309690');
INSERT INTO public.users (id, uuid, first_name, last_name, email, phone, hashed_password, is_init_password, is_active, "defaultSiteId", "creatorId", role, created_at, updated_at) VALUES (54, '9f9ea5cf-a8f2-4c55-aff8-f82553d46fee', 'Ksenia', 'Krzemiński', 'ksenia.krzeminski@example.com', '17 681 58 21', '$argon2id$v=19$m=65536,t=3,p=4$CftQg7MhrBPBw3B8VQ5KeA$mrKZQlzLCWP1uX9eXlOukD2JVTe2wmSelSwhqpMD5AQ', true, true, 3, null, 'TEAM_LEADER', '2025-02-24 09:41:28.510219', '2025-02-24 09:41:28.510219');
INSERT INTO public.users_other_sites_sites ("usersId", "sitesId") VALUES (1, 3);
INSERT INTO public.users_other_sites_sites ("usersId", "sitesId") VALUES (1, 2);
INSERT INTO public.users_other_sites_sites ("usersId", "sitesId") VALUES (2, 2);
INSERT INTO public.users_other_sites_sites ("usersId", "sitesId") VALUES (3, 2);
INSERT INTO public.users_other_sites_sites ("usersId", "sitesId") VALUES (4, 1);
INSERT INTO public.users_other_sites_sites ("usersId", "sitesId") VALUES (5, 1);
INSERT INTO public.users_other_sites_sites ("usersId", "sitesId") VALUES (6, 2);
INSERT INTO public.users_other_sites_sites ("usersId", "sitesId") VALUES (7, 3);
INSERT INTO public.users_other_sites_sites ("usersId", "sitesId") VALUES (7, 1);
INSERT INTO public.users_other_sites_sites ("usersId", "sitesId") VALUES (8, 2);
INSERT INTO public.users_other_sites_sites ("usersId", "sitesId") VALUES (9, 3);
INSERT INTO public.users_other_sites_sites ("usersId", "sitesId") VALUES (10, 2);
INSERT INTO public.users_other_sites_sites ("usersId", "sitesId") VALUES (11, 2);
INSERT INTO public.users_other_sites_sites ("usersId", "sitesId") VALUES (11, 1);
INSERT INTO public.users_other_sites_sites ("usersId", "sitesId") VALUES (12, 1);
INSERT INTO public.users_other_sites_sites ("usersId", "sitesId") VALUES (13, 1);
INSERT INTO public.users_other_sites_sites ("usersId", "sitesId") VALUES (13, 3);
INSERT INTO public.users_other_sites_sites ("usersId", "sitesId") VALUES (14, 3);
INSERT INTO public.users_other_sites_sites ("usersId", "sitesId") VALUES (14, 2);
INSERT INTO public.users_other_sites_sites ("usersId", "sitesId") VALUES (15, 2);
INSERT INTO public.users_other_sites_sites ("usersId", "sitesId") VALUES (16, 2);
INSERT INTO public.users_other_sites_sites ("usersId", "sitesId") VALUES (17, 3);
INSERT INTO public.users_other_sites_sites ("usersId", "sitesId") VALUES (18, 3);
INSERT INTO public.users_other_sites_sites ("usersId", "sitesId") VALUES (19, 1);
INSERT INTO public.users_other_sites_sites ("usersId", "sitesId") VALUES (20, 3);
INSERT INTO public.users_other_sites_sites ("usersId", "sitesId") VALUES (21, 1);
INSERT INTO public.users_other_sites_sites ("usersId", "sitesId") VALUES (22, 2);
INSERT INTO public.users_other_sites_sites ("usersId", "sitesId") VALUES (23, 2);
INSERT INTO public.users_other_sites_sites ("usersId", "sitesId") VALUES (23, 3);
INSERT INTO public.users_other_sites_sites ("usersId", "sitesId") VALUES (24, 1);
INSERT INTO public.users_other_sites_sites ("usersId", "sitesId") VALUES (24, 2);
INSERT INTO public.users_other_sites_sites ("usersId", "sitesId") VALUES (25, 1);
INSERT INTO public.users_other_sites_sites ("usersId", "sitesId") VALUES (27, 2);
INSERT INTO public.users_other_sites_sites ("usersId", "sitesId") VALUES (29, 3);
INSERT INTO public.users_other_sites_sites ("usersId", "sitesId") VALUES (30, 2);
INSERT INTO public.users_other_sites_sites ("usersId", "sitesId") VALUES (31, 3);
INSERT INTO public.users_other_sites_sites ("usersId", "sitesId") VALUES (31, 1);
INSERT INTO public.users_other_sites_sites ("usersId", "sitesId") VALUES (33, 2);
INSERT INTO public.users_other_sites_sites ("usersId", "sitesId") VALUES (34, 3);
INSERT INTO public.users_other_sites_sites ("usersId", "sitesId") VALUES (35, 3);
INSERT INTO public.users_other_sites_sites ("usersId", "sitesId") VALUES (36, 2);
INSERT INTO public.users_other_sites_sites ("usersId", "sitesId") VALUES (37, 3);
INSERT INTO public.users_other_sites_sites ("usersId", "sitesId") VALUES (38, 2);
INSERT INTO public.users_other_sites_sites ("usersId", "sitesId") VALUES (39, 1);
INSERT INTO public.users_other_sites_sites ("usersId", "sitesId") VALUES (40, 3);
INSERT INTO public.users_other_sites_sites ("usersId", "sitesId") VALUES (41, 3);
INSERT INTO public.users_other_sites_sites ("usersId", "sitesId") VALUES (42, 2);
INSERT INTO public.users_other_sites_sites ("usersId", "sitesId") VALUES (42, 3);
INSERT INTO public.users_other_sites_sites ("usersId", "sitesId") VALUES (43, 3);
INSERT INTO public.users_other_sites_sites ("usersId", "sitesId") VALUES (44, 1);
INSERT INTO public.users_other_sites_sites ("usersId", "sitesId") VALUES (44, 3);
INSERT INTO public.users_other_sites_sites ("usersId", "sitesId") VALUES (46, 3);
INSERT INTO public.users_other_sites_sites ("usersId", "sitesId") VALUES (46, 1);
INSERT INTO public.users_other_sites_sites ("usersId", "sitesId") VALUES (47, 2);
INSERT INTO public.users_other_sites_sites ("usersId", "sitesId") VALUES (47, 3);
INSERT INTO public.users_other_sites_sites ("usersId", "sitesId") VALUES (48, 1);
INSERT INTO public.users_other_sites_sites ("usersId", "sitesId") VALUES (49, 1);
INSERT INTO public.users_other_sites_sites ("usersId", "sitesId") VALUES (49, 2);
INSERT INTO public.users_other_sites_sites ("usersId", "sitesId") VALUES (50, 3);
INSERT INTO public.users_other_sites_sites ("usersId", "sitesId") VALUES (50, 1);
INSERT INTO public.users_other_sites_sites ("usersId", "sitesId") VALUES (51, 3);
INSERT INTO public.users_other_sites_sites ("usersId", "sitesId") VALUES (52, 2);
INSERT INTO public.users_other_sites_sites ("usersId", "sitesId") VALUES (53, 2);
INSERT INTO public.users_other_sites_sites ("usersId", "sitesId") VALUES (53, 3);
INSERT INTO public.users_other_sites_sites ("usersId", "sitesId") VALUES (54, 2);
INSERT INTO public.users_other_sites_sites ("usersId", "sitesId") VALUES (54, 1);
